{
  "project_info": {
    "project_number": "334512954074",
    "project_id": "cuidapet-curso-c03a2",
    "storage_bucket": "cuidapet-curso-c03a2.appspot.com"
  },
  "client": [
    {
      "client_info": {
        "mobilesdk_app_id": "1:334512954074:android:469ccf6403a20f5bb1e3e3",
        "android_client_info": {
          "package_name": "br.com.guiboroni.cuidapet_curso"
        }
      },
      "oauth_client": [
        {
          "client_id": "334512954074-nrggcb7mgri3d22ldksajmvdcv4tc1o9.apps.googleusercontent.com",
          "client_type": 3
        }
      ],
      "api_key": [
        {
          "current_key": "AIzaSyDez6xCllzFE8VuSD6qJvgZc6C1Y_TvYK0"
        }
      ],
      "services": {
        "appinvite_service": {
          "other_platform_oauth_client": [
            {
              "client_id": "334512954074-nrggcb7mgri3d22ldksajmvdcv4tc1o9.apps.googleusercontent.com",
              "client_type": 3
            }
          ]
        }
      }
    }
  ],
  "configuration_version": "1"
}